epoch_start,epoch_end_exclusive,recipient_count,amount_raw,amount_arb,overrides_recorded,recorded_override_count
2023-11-15,2023-11-22,2265,247997414469294663258992,247997.414469294663258992,false,
2023-11-22,2023-11-29,1860,290762442731598060113683,290762.442731598060113683,false,
2023-11-29,2023-12-06,2593,299951938100892802852447,299951.938100892802852447,false,
2023-12-06,2023-12-13,2656,299958413233050453952300,299958.413233050453952300,false,
2023-12-13,2023-12-20,2071,299956949114666828631621,299956.949114666828631621,false,
2023-12-20,2023-12-27,2227,299968285686826933239738,299968.285686826933239738,false,
2023-12-27,2024-01-03,2294,218181671958515198742872,218181.671958515198742872,false,
2024-01-03,2024-01-10,3224,259946636719422337133618,259946.636719422337133618,false,
2024-01-10,2024-01-17,3129,259958066850104189432421,259958.066850104189432421,false,
2024-01-17,2024-01-24,2566,259940614881995589103413,259940.614881995589103413,false,
2024-01-24,2024-01-31,2372,225189014987281149966176,225189.014987281149966176,false,
2024-01-31,2024-02-07,2252,173352292978340726196228,173352.292978340726196228,false,
2024-02-07,2024-02-14,2034,249942635753693516982737,249942.635753693516982737,false,
2024-02-14,2024-02-21,2044,249965026781198375340754,249965.026781198375340754,false,
2024-02-21,2024-02-28,2229,249927783423524023976802,249927.783423524023976802,false,
2024-02-28,2024-03-06,2736,199902481043669712892098,199902.481043669712892098,false,
2024-03-06,2024-03-13,2489,324935212391864588175124,324935.212391864588175124,false,
2024-03-13,2024-03-20,3202,349955011647516652262490,349955.011647516652262490,false,
2024-03-20,2024-03-27,2612,224976957207028746738057,224976.957207028746738057,false,
