seed,epoch,train_loss,validation_ap
17,1,0.43717443217554847,0.35647259458372854
17,2,0.34136357911030785,0.3710132667237806
17,3,0.33667524888889155,0.3782674851066111
17,4,0.3341513283641204,0.37899882099492
17,5,0.3329147782190429,0.38262723251743636
17,6,0.3324791836483351,0.3837819321370638
17,7,0.3320861563708485,0.38186597221925656
17,8,0.33218185629077707,0.3808790309272353
17,9,0.33005124169203026,0.37966832456414773
17,10,0.3308835854310677,0.38347499086351017
17,11,0.33042152249680856,0.3828202069517156
17,12,0.3294941445611569,0.3846289682781429
17,13,0.3299261593846656,0.3833079881311524
17,14,0.32937648401636194,0.3848204058330104
17,15,0.32985447961773173,0.3842115206902192
17,16,0.3293386104190361,0.38499678271610754
17,17,0.32921271613903286,0.38766669050280267
17,18,0.329171546180369,0.38280928120064944
17,19,0.3287639691608551,0.38788664368380943
17,20,0.32889371489910957,0.38748313622856884
17,21,0.3285816934732127,0.3863256079656571
17,22,0.32834642990458185,0.38618817352587154
17,23,0.3287105072224907,0.3853197500562728
17,24,0.32824299319697864,0.3837191933298977
17,25,0.32807745207179945,0.3863283056882961
17,26,0.3280685969074814,0.38604434690279993
17,27,0.3278680968524742,0.38505959128492484
17,28,0.32763680217845575,0.3884175455484119
17,29,0.32773343675250816,0.38838773979799723
17,30,0.32778410679693626,0.3897657736978419
17,31,0.3274921076189552,0.38533848665155
17,32,0.3265558943181432,0.3873586228657776
17,33,0.326869560343403,0.38412461549695087
17,34,0.32720554010321584,0.38765351279682425
17,35,0.32718002993584594,0.3870092156755176
17,36,0.32663315324197423,0.3899165958684486
17,37,0.3263841782644666,0.3871525802683703
17,38,0.3268836241962551,0.3888752266101778
17,39,0.32687270432866256,0.3865880851976011
17,40,0.32709257530761676,0.3924957913719664
17,41,0.32691988297029867,0.38786755954300806
17,42,0.32658058704906934,0.3869576396375059
17,43,0.3266184830927453,0.38702297917599227
17,44,0.3266121737089716,0.3850854763614212
17,45,0.3263530033069777,0.3894079538835262
17,46,0.3259507228904089,0.38996280372129305
17,47,0.3266260553088412,0.38756773932992844
17,48,0.3267320341424821,0.38787276993738834
17,49,0.3263258742023583,0.3912360189034714
17,50,0.32630545927176136,0.38832750198095656
42,1,0.4399998783383882,0.3671530428198033
42,2,0.34008951637957563,0.3744241151921852
42,3,0.33651963978841,0.37860637806403014
42,4,0.33568954767573733,0.38074615863046946
42,5,0.3351972524754497,0.3823084039822576
42,6,0.33323319044668415,0.38141825371588844
42,7,0.33317847305867193,0.3820556279839084
42,8,0.33142946758902125,0.3898950234859851
42,9,0.33193485771633335,0.38657113200616944
42,10,0.33039303068106707,0.38676800505984577
42,11,0.3312863562678843,0.3845454611320257
42,12,0.33075566504707804,0.3863155682607478
42,13,0.33074105542878107,0.38727412903100056
42,14,0.32965194759302013,0.38965150180603586
42,15,0.3301574271871489,0.3889960248804451
42,16,0.32918008791158065,0.39032887399018534
42,17,0.3287169327512561,0.3874544801488075
42,18,0.32880498811077297,0.3910463457593622
42,19,0.33028767450575397,0.3893526507196764
42,20,0.3290678500847397,0.3904086862854513
42,21,0.3283798700531099,0.38960109304022345
42,22,0.32897861770152764,0.3878403163726713
42,23,0.3286041099731564,0.39146789632474915
42,24,0.32894772013297324,0.39024070408679495
42,25,0.32885755869663613,0.39299889850289454
42,26,0.3289481504799081,0.3916944305767137
42,27,0.32821208496138976,0.39289906595279667
42,28,0.32815798763377374,0.3951288855930698
42,29,0.3281986486524317,0.3902031088486499
42,30,0.3284819226151589,0.38819439200384553
42,31,0.32828318348451546,0.3943105610798119
42,32,0.3276199661286203,0.39394062299483545
42,33,0.32772587670244824,0.3935403205667703
42,34,0.3286322286277646,0.39112290487846635
42,35,0.32769473840972524,0.39126353179682494
42,36,0.3275012409686674,0.3898675197255673
42,37,0.32676460487015274,0.393704438854132
42,38,0.32771939783068393,0.39427470740759435
73,1,0.45659721840627515,0.37808403580188443
73,2,0.33904511089025446,0.3835328051522254
73,3,0.33544689816496337,0.38784978968570594
73,4,0.33408676052176745,0.38459935684442664
73,5,0.33248122777993205,0.39029791776895195
73,6,0.33307789852036734,0.3891918922393985
73,7,0.33230146407762473,0.39032993872652094
73,8,0.3316240998101079,0.3898553763632125
73,9,0.3306738460981382,0.39033084315016686
73,10,0.3305525475200313,0.3908645532186354
73,11,0.33034600698812,0.38797103406304445
73,12,0.33030187176513387,0.390568490483742
73,13,0.330726411713725,0.3944979619932422
73,14,0.3296720885230889,0.39143981021142343
73,15,0.32971569149005875,0.39328256433464415
73,16,0.32943196103442246,0.3950835418016554
73,17,0.32942440246955257,0.3915488951963404
73,18,0.3297306346573622,0.39076554484236914
73,19,0.32944931751952417,0.3914451759368129
73,20,0.3286610271200567,0.3929226324417552
73,21,0.3296398786247784,0.392821830581711
73,22,0.3283661680194377,0.3951914155787168
73,23,0.3284375763045893,0.39050728069998136
73,24,0.3285365440274838,0.3927115109747919
73,25,0.32862623923845136,0.39527227041596635
73,26,0.3286560067072132,0.39365915542924357
73,27,0.3278220595310435,0.3923166363107184
73,28,0.3280911642955512,0.393079374895983
73,29,0.32890113643194907,0.3896899497873705
73,30,0.3279966386839889,0.3919076314510099
73,31,0.328158605611405,0.39443508112795217
73,32,0.3276631426572925,0.39306813225962145
73,33,0.32808323408512313,0.3945853046244412
73,34,0.3278178050720456,0.39346848647790034
73,35,0.3278545948738082,0.39088331930431863
