chain_id,tx_hash,log_index,account,order_key,market,timestamp,action,success,size_delta_usd,position_fee_usd,order_created_at
42161,0xb2b3c7c3794199da42bccc267fd75ba2dfd365a6debec0d01d062dd6afe91bc7,1,0x0000000000000000000000000000000000000001,0x035994742afc9a32897b95606747b9aa49a30845860acbad4db784e9a0e285bc,0x1111111111111111111111111111111111111111,2023-10-10T12:00:00Z,increase,true,10000,1.25,2023-10-10T11:55:00Z
42161,0x89812495c4a1e4d17b3a6157f5413519030e3f5e5c891075cd69535edd8e9592,1,0x0000000000000000000000000000000000000002,0xbddb7c9b58ecdc63df227f4063869dc70c7239cfb31a0a339392814d9627bc14,0x1111111111111111111111111111111111111111,2023-10-15T12:00:00Z,increase,true,5000,1.25,2023-10-15T11:55:00Z
42161,0x46d0a7bd3a2d675ec9d72d89143bdcc0a26ca2c7df950d02e92347a0d82ba723,1,0x0000000000000000000000000000000000000001,0xfc258a9b5646ec2d8c1085290e1df8ab82dc30ece61fe96ccb23c2a19bcd727e,0x1111111111111111111111111111111111111111,2023-11-16T12:00:00Z,increase,true,10000,1.25,2023-11-16T11:55:00Z
42161,0xf567df06ac4f01b1c76e7494e1017b241c947e53c9164b22911a362adca24643,1,0x0000000000000000000000000000000000000002,0x951c34915791ee9ed4397227e06c943cd9259cab929e6ced17dde636d414e73d,0x1111111111111111111111111111111111111111,2023-12-01T12:00:00Z,increase,true,5000,1.25,2023-12-01T11:55:00Z
42161,0x30bf6137b30ce50dc430d88d92c162ec43e3492e7e7499697e80368a5c53c9a1,1,0x0000000000000000000000000000000000000003,0x9d893df212d8ef72fe5e2f9896096e1965eddd06cc28676b535b9d65736faded,0x1111111111111111111111111111111111111111,2024-01-03T12:00:00Z,increase,true,1200,1.25,2024-01-03T11:55:00Z
42161,0xb333f98aea793c1e3e505fd5a208a809f3dd040537ed32164e8f5407d94f4cd0,1,0x0000000000000000000000000000000000000004,0xb06923986e40893265f95bdbadffbe548a43fe8cb17b84c5cdafc742fd90039f,0x1111111111111111111111111111111111111111,2024-02-07T12:00:00Z,increase,true,2000,1.25,2024-02-07T11:55:00Z
42161,0xff1b9fa8cc0ec0668b3480db0d01d6930f2af23b0f1fcefe2dcc5ec4372c115e,1,0x0000000000000000000000000000000000000005,0x4b56b46af1ee796b6284ff211073af55663a0c8ecd52aa783358bb07c3aed55c,0x1111111111111111111111111111111111111111,2024-03-20T12:00:00Z,collateral,true,0,,2024-03-20T11:55:00Z
42161,0xc3fc50ee65a7579059aac6c269ad5d363ddce209b33217a810451e1917ab5dd2,1,0x0000000000000000000000000000000000000006,0xafec4888bf2d407cd16e264dc4c4668227d5c6c9e1117cf89564c842564cca62,0x1111111111111111111111111111111111111111,2024-03-25T12:00:00Z,increase,true,500,1.25,2024-03-25T11:55:00Z
42161,0x9c1bee423d12f92165ebae5001afdc85f46e70ee172e16f76dfc2042132e56a1,1,0x0000000000000000000000000000000000000007,0xa1754497b05639a584e2fd6996fe665f684f0b75f0df27da15051ad2a28a53db,0x1111111111111111111111111111111111111111,2024-03-20T13:00:00Z,cancel,true,100,,2024-03-20T12:55:00Z
42161,0x628e443f6cbbcfda5c7f1ae999c6b847ec033d20c769582b574eaf393fc8335c,1,0x0000000000000000000000000000000000000008,0x767c9ae336c112b9c755a962c72d9961e915789d86771b98a0275ebae6737554,0x1111111111111111111111111111111111111111,2023-11-15T00:00:00Z,increase,true,700,1.25,2023-11-14T23:55:00Z
42161,0xcd753c1a3c049418f68b031dc5938e673760371a835bae00ad23b9d491164302,1,0x0000000000000000000000000000000000000009,0x2e986ee74a0353045c271d378943c3ee34b6e1b5ca14f4f94ebcc2f80e0375c3,0x1111111111111111111111111111111111111111,2023-11-20T12:00:00Z,liquidation,true,400,,2023-11-20T11:55:00Z
42161,0xab54f4e304d0f48f6875ef16b3f51b72dbc3a52d2265169b0c056cefe02da745,1,0x0000000000000000000000000000000000000001,0xe1f602e691891910cec1dc3b0b5bc7876652b3637584dc6a39a14f18a3f788ab,0x1111111111111111111111111111111111111111,2024-03-29T01:00:00Z,increase,true,800,1.25,2024-03-29T00:55:00Z
42161,0xcee368f0db4f398595f8312d7f62ae4185fdb584b7f9d6758c9960847654f940,1,0x0000000000000000000000000000000000000002,0xbf3f149922c1f8885be90a0f55b47073187848190d35f2e8a8543435dc48d053,0x1111111111111111111111111111111111111111,2024-03-31T00:00:00Z,increase,true,900,1.25,2024-03-30T23:55:00Z
42161,0x6e149e4cd64328859d35c0c116c69fc56b95c9aac7c87d893f190b6b293d6ecc,1,0x0000000000000000000000000000000000000001,0x52838eb4e480bd04988a3e1fbe5a82556b49164de176be6f0a9843a14f1d9a08,0x1111111111111111111111111111111111111111,2024-04-21T01:00:00Z,increase,true,200,1.25,2024-04-21T00:55:00Z
42161,0x68df71ddd1a36080493bd63cb568aecd3ff6f44623345f2d8df463316ce643c8,1,0x0000000000000000000000000000000000000001,0xac511855a9ad875a13cb0b4c10bc9d1c131e66e2d6e9e78d7a0b8c5cff20e242,0x1111111111111111111111111111111111111111,2024-04-22T01:00:00Z,increase,true,300,1.25,2024-04-22T00:55:00Z
42161,0x4c030c2a81c9dec2ede986d675b5d14911e396d88eee8d5ede7a1557909d3ece,1,0x0000000000000000000000000000000000000002,0xbd2e45251879beae5d6348823f8380c562b333c4639a7e1c46b59bad5927d5da,0x1111111111111111111111111111111111111111,2024-04-23T00:00:00Z,liquidation,true,400,,2024-04-22T23:55:00Z
42161,0xf07619a44dec3e58f1317d511b74dca56e52e8d92fdd6df078e26e316070cca2,1,0x0000000000000000000000000000000000000003,0xeaad506b427490d79bd189035494b49c467f8e15172cb58153b2d5dea8df1d2f,0x1111111111111111111111111111111111111111,2024-04-21T00:00:00Z,decrease,true,500,1.25,2024-04-20T23:55:00Z
42161,0x203b50593fd505312e1beb9a86551b6f6477f518a67860b470382d99c75d7c45,1,0x0000000000000000000000000000000000000004,0x5e629f724a4ede99da9a7bfe89e74c5ddce0f9e20f0951e8241f52d969a6d844,0x1111111111111111111111111111111111111111,2024-04-22T00:00:00Z,increase,true,200,1.25,2024-03-28T00:00:00Z
42161,0xd44e8b17ab1610cdfaa8d8f56d0b3617ea1309a68392d199447998798753e605,1,0x0000000000000000000000000000000000000006,0x034622f4e1fd8f2a285c893e89edf91ee2c0dbcbe77314eaa9fda1d742861d35,0x1111111111111111111111111111111111111111,2024-04-28T00:00:00Z,increase,true,200,1.25,2024-04-27T23:55:00Z
42161,0xdf8f9b25677cbf7252e7a6875805d85d3fcaf46a3cfc3244880c93269ab350a0,1,0x0000000000000000000000000000000000000007,0xe9326272f6baf28b4f57b049722ae59eb5b925116b781b9895a1b25db0d6e4e6,0x1111111111111111111111111111111111111111,2024-04-21T00:00:00Z,increase,true,300,1.25,2024-04-20T23:55:00Z
42161,0xc03eb0702707441e742320454cc497635ba4b7d99f4adc4259973a8a2c5300ab,1,0x0000000000000000000000000000000000000008,0x54ae7d7254dbde3968b450c75049aaeef6826b16d160654497736a574cc50eda,0x1111111111111111111111111111111111111111,2024-04-27T23:00:00Z,increase,true,200,1.25,2024-04-27T22:55:00Z
42161,0x3be3a8aa62ce7fff916060a239e73de1766e99d186e56e6efe1e41f98b046088,1,0x0000000000000000000000000000000000000001,0x0ad40cb703f160f19d9e3ff4e28562f53522afb6080732df7ebc4a9ed6d38c00,0x1111111111111111111111111111111111111111,2024-05-21T00:00:00Z,increase,true,200,1.25,2024-05-20T23:55:00Z
42161,0x7ece685343f79e4c8847eab392a6ce6f9e8829f98badc45d14057809177a5d59,1,0x0000000000000000000000000000000000000006,0x31cb34e1216abd8130a584e1ab753d39958cb28304b09bdb903b768850cc264f,0x1111111111111111111111111111111111111111,2024-05-27T00:00:00Z,increase,true,300,1.25,2024-05-26T23:55:00Z
