account,day,increases,voluntary_trades,position_fee_usd,missing_fees
0x0000000000000000000000000000000000000001,2023-10-10,1,1,1.250000000000,0
0x0000000000000000000000000000000000000002,2023-10-15,1,1,1.250000000000,0
0x0000000000000000000000000000000000000008,2023-11-15,1,1,1.250000000000,0
0x0000000000000000000000000000000000000001,2023-11-16,1,1,1.250000000000,0
0x0000000000000000000000000000000000000009,2023-11-20,0,0,,0
0x0000000000000000000000000000000000000002,2023-12-01,1,1,1.250000000000,0
0x0000000000000000000000000000000000000003,2024-01-03,1,1,1.250000000000,0
0x0000000000000000000000000000000000000004,2024-02-07,1,1,1.250000000000,0
0x0000000000000000000000000000000000000005,2024-03-20,0,0,,0
0x0000000000000000000000000000000000000007,2024-03-20,0,0,,0
0x0000000000000000000000000000000000000006,2024-03-25,1,1,1.250000000000,0
0x0000000000000000000000000000000000000001,2024-03-29,1,1,1.250000000000,0
0x0000000000000000000000000000000000000002,2024-03-31,1,1,1.250000000000,0
0x0000000000000000000000000000000000000001,2024-04-21,1,1,1.250000000000,0
0x0000000000000000000000000000000000000003,2024-04-21,0,1,,0
0x0000000000000000000000000000000000000007,2024-04-21,1,1,1.250000000000,0
0x0000000000000000000000000000000000000001,2024-04-22,1,1,1.250000000000,0
0x0000000000000000000000000000000000000004,2024-04-22,1,1,1.250000000000,0
0x0000000000000000000000000000000000000002,2024-04-23,0,0,,0
0x0000000000000000000000000000000000000008,2024-04-27,1,1,1.250000000000,0
0x0000000000000000000000000000000000000006,2024-04-28,1,1,1.250000000000,0
0x0000000000000000000000000000000000000001,2024-05-21,1,1,1.250000000000,0
0x0000000000000000000000000000000000000006,2024-05-27,1,1,1.250000000000,0
