day,rows,accounts,increase,decrease,liquidation,collateral,fee_missing,created_missing,zero_size
2023-09-20,1367,376,761,487,74,45,0,0,45
2023-09-21,1221,412,663,431,85,42,0,0,42
2023-09-22,813,301,463,299,29,22,0,0,22
2023-09-23,483,170,282,156,31,14,0,0,14
2023-09-24,720,257,369,268,64,19,0,0,19
2023-09-25,997,344,550,354,53,40,0,0,40
2023-09-26,5440,3108,3412,1881,112,35,0,0,35
2023-09-27,23605,12971,13519,9090,939,57,0,0,57
2023-09-28,21741,12391,12088,9139,428,86,0,0,86
2023-09-29,24721,14120,13959,10470,232,60,0,0,60
2023-09-30,34406,19544,19071,15065,226,44,0,0,44
2023-10-01,34837,19572,18601,15556,613,67,0,0,67
2023-10-02,8310,4699,3848,3978,401,83,0,0,83
2023-10-03,4411,2537,2033,2198,125,55,0,0,55
2023-10-04,3139,1848,1296,1435,351,57,0,0,57
2023-10-05,2232,1180,975,1033,168,56,0,0,56
2023-10-06,2047,956,937,983,71,56,0,0,56
2023-10-07,810,455,369,391,24,26,0,0,26
2023-10-08,1157,600,520,501,99,37,0,0,37
2023-10-09,2768,1540,1005,730,976,57,0,0,57
2023-10-10,1001,444,538,369,60,34,0,0,34
2023-10-11,1476,610,807,498,137,34,0,0,34
2023-10-12,1526,812,654,471,362,39,0,0,39
2023-10-13,1244,506,643,495,60,46,0,0,46
2023-10-14,551,272,318,214,7,12,0,0,12
2023-10-15,785,341,407,329,28,21,0,0,21
2023-10-16,2422,880,1268,878,228,48,0,3,48
2023-10-17,1564,709,831,531,163,39,0,0,39
2023-10-18,1289,544,686,475,110,18,0,0,18
2023-10-19,1793,717,931,562,253,47,0,0,47
2023-10-20,2718,905,1396,1072,199,51,0,0,51
2023-10-21,2076,734,1116,710,179,71,0,0,71
2023-10-22,1843,626,1003,579,214,47,0,0,47
2023-10-23,4610,1359,2371,1524,557,158,0,6,158
2023-10-24,5018,1384,2583,1881,405,149,0,0,149
2023-10-25,2825,922,1529,1025,170,101,0,0,101
2023-10-26,2786,931,1473,1004,226,83,0,1,83
2023-10-27,2127,716,1172,735,125,95,0,0,95
2023-10-28,1077,483,537,449,56,35,0,0,35
2023-10-29,1215,492,725,405,56,29,0,0,29
2023-10-30,1579,640,880,547,95,57,0,1,57
2023-10-31,1778,635,980,595,139,64,0,7,64
2023-11-01,3395,1072,1760,1098,375,162,0,12,162
2023-11-02,3197,989,1722,1106,247,122,0,23,122
2023-11-03,2406,836,1275,812,240,79,0,10,79
2023-11-04,1617,699,821,575,157,64,0,10,64
2023-11-05,1960,737,1018,723,149,70,0,20,70
2023-11-06,2009,773,1052,668,197,92,0,13,92
2023-11-07,2818,866,1508,1022,173,115,0,14,115
2023-11-08,2313,793,1367,731,112,103,0,19,103
2023-11-09,7077,2122,3381,2303,1113,280,0,35,280
2023-11-10,3694,1081,2044,1250,222,178,0,14,178
2023-11-11,2981,863,1573,965,270,173,0,4,173
2023-11-12,1819,627,1010,606,126,77,0,7,77
2023-11-13,2396,811,1287,784,217,108,0,12,108
2023-11-14,2951,1042,1569,924,353,105,0,5,105
2023-11-15,2800,925,1537,984,160,119,0,19,119
2023-11-16,3685,1094,2010,1177,352,146,0,12,146
2023-11-17,2599,854,1410,817,231,141,0,5,141
2023-11-18,1121,485,645,360,63,53,0,3,53
2023-11-19,1242,520,693,427,74,48,0,8,48
2023-11-20,1915,657,1046,724,75,70,0,10,70
2023-11-21,3093,967,1617,1022,329,125,0,7,125
2023-11-22,2758,848,1541,1018,101,98,0,8,98
2023-11-23,1411,551,789,525,50,47,0,8,47
2023-11-24,2290,756,1248,828,127,87,0,8,87
2023-11-25,1201,463,695,432,24,50,0,6,50
2023-11-26,1727,581,921,621,112,73,0,16,73
2023-11-27,2265,798,1254,731,166,114,0,10,114
2023-11-28,2233,731,1229,810,112,82,0,15,82
2023-11-29,2081,639,1166,740,68,107,0,21,107
2023-11-30,1757,609,1038,575,44,100,0,18,100
2023-12-01,2567,907,1361,967,104,135,0,28,135
2023-12-02,2704,1009,1380,966,231,127,0,20,127
2023-12-03,2277,837,1183,906,102,86,0,16,86
2023-12-04,4324,1386,2257,1503,366,198,0,6,198
2023-12-05,4251,1236,2321,1461,285,184,0,16,184
2023-12-06,3728,1057,2077,1292,196,163,0,12,163
2023-12-07,3843,1192,2040,1418,267,118,0,16,118
2023-12-08,3377,1043,1864,1203,159,151,0,28,151
2023-12-09,2724,899,1390,1045,180,109,0,11,109
2023-12-10,1820,649,1045,589,85,101,0,27,101
2023-12-11,5195,1496,2775,1462,774,184,0,19,184
2023-12-12,2745,890,1491,980,140,134,0,20,134
2023-12-13,3195,1030,1699,1201,190,105,0,13,105
2023-12-14,2829,847,1560,1005,169,95,0,17,95
2023-12-15,1882,670,924,686,167,105,0,15,105
2023-12-16,1424,486,800,477,57,90,0,25,90
2023-12-17,1746,552,889,648,111,98,0,22,98
2023-12-18,2909,996,1514,977,295,123,0,12,123
2023-12-19,2384,734,1274,921,111,78,0,15,78
2023-12-20,3002,843,1657,1104,130,111,0,18,111
2023-12-21,2906,863,1657,989,128,132,0,17,132
2023-12-22,3618,1312,1778,1253,422,165,0,24,165
2023-12-23,2094,729,1124,730,138,102,0,23,102
2023-12-24,2594,785,1364,906,190,134,0,24,134
2023-12-25,1731,593,978,596,83,74,0,11,74
2023-12-26,2904,942,1503,928,353,120,0,24,120
2023-12-27,2758,884,1542,981,131,104,0,25,104
2023-12-28,3430,1147,1777,1167,305,181,0,34,181
2023-12-29,2805,843,1567,881,204,153,0,29,153
2023-12-30,1438,515,780,541,32,85,0,22,85
2023-12-31,1225,508,651,432,62,80,0,19,80
2024-01-01,1580,625,842,555,62,121,0,34,121
2024-01-02,2919,998,1528,1084,146,161,0,39,161
2024-01-03,4950,1763,2460,1247,1002,241,0,32,241
2024-01-04,2700,978,1530,960,92,118,0,11,118
2024-01-05,3178,1201,1755,1054,200,169,0,40,169
2024-01-06,2453,928,1313,894,140,106,0,19,106
2024-01-07,2131,840,1141,720,140,130,0,46,130
2024-01-08,4721,1694,2238,1863,349,271,0,45,271
2024-01-09,4065,1211,2194,1389,323,159,0,24,159
2024-01-10,6586,1813,3609,2238,491,248,0,33,248
2024-01-11,6003,1642,3199,2190,376,238,0,42,238
2024-01-12,6309,1701,3235,1981,783,310,0,38,310
2024-01-13,2677,1018,1432,1050,57,138,0,23,138
2024-01-14,2605,832,1391,891,166,157,0,35,157
2024-01-15,2399,707,1309,892,83,115,0,34,115
2024-01-16,2531,767,1348,965,90,128,0,22,128
2024-01-17,2443,765,1330,903,79,131,0,39,131
2024-01-18,3548,1105,1835,1139,389,185,0,36,185
2024-01-19,3442,962,1824,1262,202,154,0,26,154
2024-01-20,1949,617,1073,724,37,115,0,30,115
2024-01-21,1893,499,1026,722,32,113,0,42,113
2024-01-22,4426,1394,2255,1473,458,240,0,38,240
2024-01-23,4282,1447,2096,1405,504,277,0,18,277
2024-01-24,2407,803,1290,915,101,101,0,16,101
2024-01-25,1851,602,991,682,97,81,0,14,81
2024-01-26,2857,1003,1596,952,143,166,0,9,166
2024-01-27,1614,739,793,701,31,89,0,17,89
2024-01-28,2680,963,1380,1042,114,144,0,26,144
2024-01-29,3280,1081,1711,1326,96,147,0,30,147
2024-01-30,3014,964,1581,1153,154,126,0,14,126
2024-01-31,3094,955,1606,1074,238,176,0,27,176
2024-02-01,2666,791,1462,939,118,147,0,30,147
2024-02-02,2317,769,1316,696,156,149,0,25,149
2024-02-03,1949,749,1124,600,139,86,0,36,86
2024-02-04,1854,554,953,655,96,150,0,24,150
2024-02-05,2341,725,1249,815,154,123,0,18,123
2024-02-06,2097,764,1037,833,103,124,0,24,124
2024-02-07,2509,789,1304,962,102,141,0,29,141
2024-02-08,2558,869,1424,905,108,121,0,10,121
2024-02-09,3197,969,1672,1177,166,182,0,19,182
2024-02-10,1970,716,1060,737,49,124,0,31,124
2024-02-11,2386,809,1214,938,58,176,0,66,176
2024-02-12,3640,1166,1826,1419,185,210,0,39,210
2024-02-13,3122,1005,1690,1154,111,167,0,30,167
2024-02-14,3132,1186,1637,1190,147,158,0,27,158
2024-02-15,3861,1076,2060,1408,125,268,0,30,268
2024-02-16,2734,917,1435,1025,100,174,0,42,174
2024-02-17,2046,794,1070,739,116,121,0,26,121
2024-02-18,2037,708,1110,755,50,122,0,36,122
2024-02-19,2580,754,1349,975,96,160,0,25,160
2024-02-20,3589,986,1897,1301,220,171,0,29,171
2024-02-21,3184,1004,1740,1067,187,190,0,25,190
2024-02-22,2533,789,1334,988,80,131,0,31,131
2024-02-23,2472,881,1278,792,158,244,0,24,244
2024-02-24,1829,679,933,631,69,196,0,45,196
2024-02-25,2051,666,994,816,101,140,0,36,140
2024-02-26,3341,1057,1699,1228,215,199,0,39,199
2024-02-27,3815,1173,2015,1384,213,203,0,43,203
2024-02-28,5646,1469,2908,1957,463,318,0,52,318
2024-02-29,4582,1226,2328,1717,274,263,0,21,263
2024-03-01,2600,874,1458,907,92,143,0,32,143
2024-03-02,1859,755,1084,607,61,107,0,34,107
2024-03-03,2192,826,1136,737,197,122,0,40,122
2024-03-04,3908,1184,2022,1391,245,250,0,49,250
2024-03-05,6906,1708,3557,2196,864,289,0,22,289
2024-03-06,3743,1039,2073,1299,192,179,0,32,179
2024-03-07,2783,862,1538,929,154,162,0,41,162
2024-03-08,3376,1038,1841,1146,218,171,0,39,171
2024-03-09,1456,608,833,493,37,93,0,33,93
2024-03-10,2277,863,1229,756,147,145,0,35,145
2024-03-11,3457,1210,1774,1224,249,210,0,52,210
2024-03-12,3040,949,1627,1035,242,136,0,18,136
2024-03-13,2561,883,1420,851,140,150,0,44,150
2024-03-14,4164,1201,2278,1264,363,259,0,67,259
2024-03-15,5754,1518,3030,1750,653,321,0,53,321
2024-03-16,3816,1185,1930,1228,420,238,0,39,238
2024-03-17,3299,1076,1796,1027,267,209,0,40,209
2024-03-18,3547,1012,1880,1256,203,208,0,46,208
2024-03-19,7341,1991,3681,2130,1038,492,0,84,492
2024-03-20,6685,1596,3509,2366,439,371,0,72,371
2024-03-21,4880,1185,2598,1800,165,317,0,53,317
2024-03-22,5174,1284,2727,1998,230,219,0,52,219
2024-03-23,2880,647,1518,1088,102,172,0,67,172
2024-03-24,3213,721,1689,1248,115,161,0,53,161
2024-03-25,4635,1179,2367,1845,179,244,0,64,244
2024-03-26,3754,995,1982,1433,109,230,0,49,230
2024-03-27,8913,2631,4838,3609,257,209,0,67,209
2024-03-28,6873,2099,3661,2879,151,182,0,58,182
2024-03-29,5902,1705,3076,2400,150,276,0,84,276
2024-03-30,4471,1388,2321,1811,84,255,0,105,255
2024-03-31,4313,1357,2209,1776,89,239,0,110,239
2024-04-01,5530,1711,2791,1931,474,334,0,108,334
2024-04-02,6710,2090,3330,2197,798,385,0,85,385
2024-04-03,4171,1261,2218,1517,252,184,0,79,184
2024-04-04,4471,1163,2226,1880,153,212,0,75,212
2024-04-05,4110,1106,2140,1546,240,184,0,62,184
2024-04-06,2687,816,1341,1135,62,149,0,93,149
2024-04-07,3747,1124,1943,1530,79,195,0,82,195
2024-04-08,5155,1590,2568,2202,144,241,0,95,241
2024-04-09,6337,1692,3422,2370,267,278,0,106,278
2024-04-10,4509,1188,2309,1659,293,248,0,80,248
2024-04-11,3756,1050,2018,1462,119,157,0,59,157
2024-04-12,6225,2107,2865,1817,1196,347,0,92,347
2024-04-13,8202,4306,2619,1800,3523,260,0,78,260
2024-04-14,4069,1088,2142,1539,197,191,0,54,191
2024-04-15,4529,1180,2236,1904,228,161,0,47,161
2024-04-16,4211,1095,2259,1583,185,184,0,41,184
2024-04-17,4676,1203,2452,1749,273,202,0,44,202
2024-04-18,3878,1056,2010,1625,123,120,0,29,120
2024-04-19,4758,1076,2498,1802,303,155,0,26,155
2024-04-20,3537,999,1853,1502,86,96,0,15,96
2024-04-21,3095,857,1644,1294,69,88,0,33,88
2024-04-22,3715,1029,1949,1515,112,139,0,46,139
2024-04-23,3529,1023,1921,1439,88,81,0,21,81
2024-04-24,4245,1088,2273,1578,254,140,0,23,140
2024-04-25,3858,1095,2072,1569,138,79,0,18,79
2024-04-26,2834,824,1510,1158,76,90,0,18,90
2024-04-27,2829,816,1502,1111,122,94,0,20,94
2024-04-28,2325,734,1210,965,60,90,0,34,90
2024-04-29,2968,883,1637,1100,144,87,0,29,87
2024-04-30,5365,1390,2897,1789,475,204,0,34,204
2024-05-01,4929,1370,2546,1703,482,198,0,35,198
2024-05-02,3246,877,1782,1283,86,95,0,32,95
2024-05-03,3294,844,1754,1269,140,131,0,21,131
2024-05-04,2515,739,1334,1011,82,88,0,23,88
2024-05-05,2356,648,1209,974,63,110,0,27,110
2024-05-06,3225,827,1765,1228,135,97,0,24,97
2024-05-07,2815,807,1469,1152,119,75,0,19,75
2024-05-08,2951,819,1578,1170,131,72,0,17,72
2024-05-09,2835,825,1532,1149,99,55,0,21,55
2024-05-10,3241,910,1823,1181,149,88,0,20,88
2024-05-11,1590,527,892,575,39,84,0,18,84
2024-05-12,1859,756,1011,741,38,69,0,25,69
2024-05-13,2838,799,1537,980,216,105,0,31,105
2024-05-14,2528,704,1357,932,150,89,0,33,89
2024-05-15,3324,939,1758,1261,179,126,0,19,126
2024-05-16,2484,773,1330,938,103,113,0,22,113
2024-05-17,3233,852,1747,1198,125,163,0,27,163
2024-05-18,1858,575,1052,615,55,136,0,46,136
2024-05-19,2299,644,1208,842,108,141,0,43,141
2024-05-20,4743,1214,2410,1771,315,247,0,52,247
2024-05-21,4562,1245,2546,1616,169,231,0,47,231
2024-05-22,3333,929,1853,1186,144,150,0,26,150
2024-05-23,4825,1306,2690,1566,368,201,0,32,201
2024-05-24,3097,919,1623,1109,202,163,0,46,163
2024-05-25,1823,524,1005,650,54,114,0,17,114
2024-05-26,2451,720,1341,896,77,137,0,46,137
2024-05-27,3286,920,1723,1287,114,162,0,49,162
2024-05-28,3371,858,1809,1267,142,153,0,45,153
